-- phpMyAdmin SQL Dump
-- version 5.1.1
-- https://www.phpmyadmin.net/
--
-- Host: 127.0.0.1:3306
-- Waktu pembuatan: 02 Agu 2023 pada 16.30
-- Versi server: 10.5.19-MariaDB-cll-lve
-- Versi PHP: 7.2.34

SET SQL_MODE = "NO_AUTO_VALUE_ON_ZERO";
START TRANSACTION;
SET time_zone = "+00:00";


/*!40101 SET @OLD_CHARACTER_SET_CLIENT=@@CHARACTER_SET_CLIENT */;
/*!40101 SET @OLD_CHARACTER_SET_RESULTS=@@CHARACTER_SET_RESULTS */;
/*!40101 SET @OLD_COLLATION_CONNECTION=@@COLLATION_CONNECTION */;
/*!40101 SET NAMES utf8mb4 */;

--
-- Database: `u639398959_mahkota`
--

-- --------------------------------------------------------

--
-- Struktur dari tabel `license`
--

CREATE TABLE `license` (
  `id` int(11) NOT NULL,
  `nama` text NOT NULL,
  `alamat` text NOT NULL,
  `telp` varchar(50) NOT NULL,
  `icon` text NOT NULL
) ENGINE=InnoDB DEFAULT CHARSET=latin1 COLLATE=latin1_swedish_ci;

--
-- Dumping data untuk tabel `license`
--

INSERT INTO `license` (`id`, `nama`, `alamat`, `telp`, `icon`) VALUES
(1, 'Mahkota ', 'Jln. Patimura 71D', '0000', '1684200121_LOGO.png');

-- --------------------------------------------------------

--
-- Struktur dari tabel `tbjual`
--

CREATE TABLE `tbjual` (
  `id` varchar(100) NOT NULL,
  `iduser` int(11) NOT NULL,
  `idkonsumen` int(11) NOT NULL,
  `alamat` text NOT NULL,
  `tanggal` date NOT NULL,
  `subtotal` double NOT NULL,
  `diskon` double NOT NULL,
  `grandtotal` double NOT NULL,
  `cash` double NOT NULL,
  `status_antar` varchar(200) NOT NULL,
  `created_at` timestamp NOT NULL DEFAULT current_timestamp(),
  `updated_at` timestamp NOT NULL DEFAULT current_timestamp() ON UPDATE current_timestamp()
) ENGINE=InnoDB DEFAULT CHARSET=latin1 COLLATE=latin1_swedish_ci;

--
-- Dumping data untuk tabel `tbjual`
--

INSERT INTO `tbjual` (`id`, `iduser`, `idkonsumen`, `alamat`, `tanggal`, `subtotal`, `diskon`, `grandtotal`, `cash`, `status_antar`, `created_at`, `updated_at`) VALUES
('J-20230621-1-1-00001', 1, 18, '', '2023-06-21', 9000, 0, 8000, 1, 'disiapkan', '2023-06-21 12:24:55', '2023-06-21 12:24:55'),
('J-20230621-1-1-00002', 1, 20, '', '2023-06-21', 2500, 0, 2500, 1, 'selesai', '2023-06-21 12:29:34', '2023-06-21 15:36:02'),
('J-20230621-1-1-00003', 1, 20, '', '2023-06-21', 2000, 0, 2000, 1, 'disiapkan', '2023-06-21 12:31:19', '2023-06-21 12:31:19'),
('J-20230621-1-1-00004', 1, 18, '', '2023-06-21', 2000, 1800, 200, 1, 'selesai', '2023-06-21 12:32:55', '2023-06-21 15:35:51'),
('J-20230621-1-1-00005', 1, 34, '', '2023-06-21', 25000, 1250, 12500, 1, 'selesai', '2023-06-21 15:33:55', '2023-06-21 15:35:56'),
('J-20230621-1-1-00006', 1, 35, '', '2023-06-21', 30000, 0, 30000, 1, 'selesai', '2023-06-21 15:34:09', '2023-06-21 15:35:48'),
('J-20230621-1-1-00007', 1, 33, '', '2023-06-21', 95000, 0, 95000, 1, 'selesai', '2023-06-21 15:34:32', '2023-06-21 15:35:46'),
('J-20230621-1-1-00008', 1, 0, '', '2023-06-21', 12500, 0, 12500, 1, 'selesai', '2023-06-21 15:34:44', '2023-06-21 15:35:43'),
('J-20230621-1-1-00009', 1, 18, '', '2023-06-21', 12500, 1250, 6250, 1, 'selesai', '2023-06-21 15:34:55', '2023-06-21 15:35:41'),
('J-20230621-1-1-00010', 1, 18, '', '2023-06-21', 15000, 750, 10500, 1, 'selesai', '2023-06-21 15:35:10', '2023-06-21 15:35:38'),
('J-20230621-1-1-00011', 1, 34, '', '2023-06-21', 7000, 0, 7000, 1, 'selesai', '2023-06-21 15:35:20', '2023-06-21 15:35:36'),
('J-20230624-1-1-00012', 1, 17, '', '2023-06-24', 240000, 48000, 192000, 1, 'selesai', '2023-06-24 04:21:16', '2023-06-24 04:21:16'),
('J-20230624-1-17-00013', 0, 17, '', '2023-06-24', 80000, 0, 80000, 0, 'diantar', '2023-06-24 04:22:10', '2023-06-24 04:22:45'),
('J-20230625-1-1-00014', 1, 35, '', '2023-06-24', 6500, 350, 6150, 1, 'selesai', '2023-06-24 17:39:42', '2023-06-24 17:39:42'),
('J-20230625-1-1-00016', 1, 34, '', '2023-06-25', 3500, 0, 3500, 1, 'selesai', '2023-06-25 05:15:54', '2023-06-25 05:15:54'),
('J-20230625-1-1-00017', 1, 35, '', '2023-06-25', 5000, 0, 5000, 1, 'selesai', '2023-06-25 05:16:03', '2023-06-25 05:16:03'),
('J-20230625-1-1-00018', 1, 35, '', '2023-06-25', 3000, 0, 3000, 1, 'selesai', '2023-06-25 05:16:17', '2023-06-25 05:16:17'),
('J-20230625-1-17-00015', 0, 17, '', '2023-06-25', 76000, 0, 76000, 0, 'disiapkan', '2023-06-24 18:00:41', '2023-06-24 18:00:41'),
('J-20230629-1-1-00021', 1, 34, '', '2023-06-29', 3500, 350, 3150, 1, 'selesai', '2023-06-29 15:03:31', '2023-06-29 15:03:31'),
('J-20230629-1-17-00019', 0, 17, '', '2023-06-29', 3500, 0, 3500, 0, 'disiapkan', '2023-06-29 14:58:17', '2023-06-29 14:58:17'),
('J-20230629-1-17-00020', 0, 17, '', '2023-06-29', 40000, 0, 40000, 0, 'disiapkan', '2023-06-29 15:00:59', '2023-06-29 15:00:59'),
('J-20230702-1-17-00022', 17, 34, '', '2023-07-02', 4000, 0, 4000, 1, 'selesai', '2023-07-02 11:27:06', '2023-07-02 11:27:06'),
('J-20230703-1-17-00023', 17, 35, '', '2023-07-03', 4000, 0, 4000, 1, 'selesai', '2023-07-03 10:45:00', '2023-07-03 10:45:00'),
('J-20230703-1-17-00024', 17, 17, '', '2023-07-03', 3000, 0, 3000, 1, 'selesai', '2023-07-03 10:46:42', '2023-07-03 10:46:42'),
('J-20230703-1-17-00025', 0, 17, '', '2023-07-03', 35000, 0, 35000, 0, 'selesai', '2023-07-03 10:50:15', '2023-07-03 10:51:41'),
('J-20230703-1-17-00026', 17, 34, '', '2023-07-03', 5000, 0, 5000, 1, 'selesai', '2023-07-03 11:18:55', '2023-07-03 11:18:55'),
('J-20230703-1-17-00027', 17, 34, '', '2023-07-03', 8500, 425, 8075, 1, 'selesai', '2023-07-03 11:19:58', '2023-07-03 11:19:58'),
('J-20230703-1-17-00028', 17, 35, 'purnama ', '2023-07-03', 3500, 0, 3500, 1, 'selesai', '2023-07-03 12:13:40', '2023-07-03 12:13:40'),
('J-20230703-1-17-00029', 17, 35, 'purnama ', '2023-07-03', 3000, 0, 3000, 1, 'selesai', '2023-07-03 12:14:05', '2023-07-03 12:14:05'),
('J-20230703-1-17-00030', 17, 35, 'purnama ', '2023-07-03', 5000, 0, 5000, 1, 'selesai', '2023-07-03 12:59:48', '2023-07-03 12:59:48'),
('J-20230705-1-17-00031', 17, 35, 'purnama ', '2023-07-05', 3500, 0, 3500, 1, 'selesai', '2023-07-05 08:40:56', '2023-07-05 08:40:56'),
('J-20230705-1-17-00032', 17, 40, '', '2023-07-05', 5000, 0, 5000, 1, 'selesai', '2023-07-05 08:41:18', '2023-07-05 08:41:18'),
('J-20230705-1-17-00033', 17, 34, '', '2023-07-05', 3500, 0, 3500, 1, 'selesai', '2023-07-05 08:47:14', '2023-07-05 08:47:14'),
('J-20230705-1-17-00034', 17, 34, '', '2023-07-05', 30000, 0, 30000, 1, 'selesai', '2023-07-05 08:54:53', '2023-07-14 08:01:56'),
('J-20230711-1-17-00035', 0, 17, 'serdam komplek agung 5', '2023-07-11', 50000, 0, 50000, 0, 'selesai', '2023-07-11 09:52:51', '2023-07-14 08:01:37'),
('J-20230714-1-17-00036', 17, 40, 'asd', '2023-07-14', 52500, 0, 52500, 1, 'selesai', '2023-07-14 15:54:42', '2023-07-14 15:55:12'),
('J-20230728-1-17-00037', 17, 40, 'asd', '2023-07-28', 28000, 0, 28000, 1, 'selesai', '2023-07-28 04:19:45', '2023-07-28 04:19:45'),
('J-20230728-1-17-00038', 0, 17, 'purnama agung ', '2023-07-28', 25000, 0, 25000, 0, 'diantar', '2023-07-28 04:23:03', '2023-07-28 04:23:10'),
('J-20230728-214-17-00039', 17, 17, 'purnama agung ', '2023-07-28', 40000, 0, 40000, 1, 'selesai', '2023-07-28 09:11:33', '2023-07-28 09:11:33'),
('J-20230728-214-17-00040', 0, 17, 'serdam komplek agung 5', '2023-07-28', 60000, 0, 60000, 0, 'selesai', '2023-07-28 09:13:29', '2023-07-28 09:13:50'),
('J-20230801-114-17-00041', 0, 17, '', '2023-08-01', 5000, 0, 5000, 0, 'disiapkan', '2023-08-01 06:12:07', '2023-08-01 06:12:07'),
('J-20230801-114-17-00042', 17, 51, '', '2023-08-01', 40000, 0, 40000, 1, 'selesai', '2023-08-01 06:13:56', '2023-08-01 06:13:56'),
('J-20230801-114-17-00043', 0, 17, 'serdam komplek agung 5', '2023-08-01', 18000, 0, 18000, 0, 'disiapkan', '2023-08-01 06:14:45', '2023-08-01 06:14:45');

-- --------------------------------------------------------

--
-- Struktur dari tabel `tbjualdetil`
--

CREATE TABLE `tbjualdetil` (
  `id` int(11) NOT NULL,
  `idjual` varchar(100) NOT NULL,
  `idproduk` int(11) NOT NULL,
  `jumlah` double NOT NULL,
  `harga` double NOT NULL,
  `diskon` int(11) NOT NULL COMMENT 'persen diskon',
  `jlhdiskon` double NOT NULL,
  `subtotal` double NOT NULL,
  `total` double NOT NULL,
  `note` text NOT NULL,
  `created_at` timestamp NOT NULL DEFAULT current_timestamp(),
  `updated_at` timestamp NOT NULL DEFAULT current_timestamp() ON UPDATE current_timestamp()
) ENGINE=InnoDB DEFAULT CHARSET=latin1 COLLATE=latin1_swedish_ci;

--
-- Dumping data untuk tabel `tbjualdetil`
--

INSERT INTO `tbjualdetil` (`id`, `idjual`, `idproduk`, `jumlah`, `harga`, `diskon`, `jlhdiskon`, `subtotal`, `total`, `note`, `created_at`, `updated_at`) VALUES
(1, 'J-20230418-1-1-00001', 37, 1, 9000, 0, 0, 9000, 9000, '', '2023-04-18 11:52:46', '2023-04-18 11:52:46'),
(2, 'J-20230516-1-1-00002', 37, 1, 9000, 0, 0, 9000, 9000, '', '2023-05-16 01:23:52', '2023-05-16 01:23:52'),
(3, 'J-20230612-1-1-00003', 40, 1, 2000, 0, 0, 2000, 2000, '', '2023-06-11 17:24:30', '2023-06-11 17:24:30'),
(4, 'J-20230612-1-1-00004', 41, 1, 7000, 0, 0, 7000, 7000, '', '2023-06-11 17:24:38', '2023-06-11 17:24:38'),
(5, 'J-20230612-1-1-00005', 40, 1, 2000, 0, 0, 2000, 2000, '', '2023-06-11 17:24:50', '2023-06-11 17:24:50'),
(6, 'J-20230612-1-11-00023', 39, 1, 2500, 0, 0, 2500, 2500, '-', '2023-06-12 02:58:51', '2023-06-12 02:58:51'),
(7, 'J-20230612-1-11-00023', 41, 1, 7000, 0, 0, 7000, 7000, '-', '2023-06-12 02:58:51', '2023-06-12 02:58:51'),
(8, 'J-20230612-1-11-00024', 39, 3, 2500, 0, 0, 7500, 7500, '-', '2023-06-12 03:02:34', '2023-06-12 03:02:34'),
(9, 'J-20230612-1-11-00025', 40, 2, 2000, 0, 0, 4000, 4000, '-', '2023-06-12 03:02:43', '2023-06-12 03:02:43'),
(10, 'J-20230612-1-11-00026', 39, 1, 2500, 0, 0, 2500, 2500, '-', '2023-06-12 03:03:06', '2023-06-12 03:03:06'),
(11, 'J-20230612-1-11-00027', 40, 1, 2000, 1, 20, 2000, 1980, '', '2023-06-12 03:09:40', '2023-06-12 03:09:40'),
(12, 'J-20230612-1-11-00028', 40, 1, 2000, 10, 200, 2000, 1800, '', '2023-06-12 03:24:38', '2023-06-12 03:24:38'),
(13, 'J-20230618-1-12-00029', 39, 1, 2500, 0, 0, 2500, 2500, '-', '2023-06-18 15:40:53', '2023-06-18 15:40:53'),
(14, 'J-20230618-1-12-00030', 39, 1, 2500, 0, 0, 2500, 2500, '-', '2023-06-18 15:41:07', '2023-06-18 15:41:07'),
(15, 'J-20230618-1-12-00031', 41, 1, 7000, 0, 0, 7000, 7000, '-', '2023-06-18 15:42:39', '2023-06-18 15:42:39'),
(16, 'J-20230618-1-12-00032', 39, 1, 2500, 0, 0, 2500, 2500, '-', '2023-06-18 15:54:24', '2023-06-18 15:54:24'),
(17, 'J-20230618-1-12-00033', 41, 3, 7000, 0, 0, 21000, 21000, '-', '2023-06-18 15:57:28', '2023-06-18 15:57:28'),
(18, 'J-20230619-1-1-00034', 40, 1, 2000, 10, 200, 2000, 1800, 'note', '2023-06-19 15:10:50', '2023-06-19 15:10:50'),
(19, 'J-20230619-1-1-00035', 40, 1, 2000, 10, 200, 2000, 1800, 'note', '2023-06-19 15:13:45', '2023-06-19 15:13:45'),
(20, 'J-20230619-1-1-00036', 40, 1, 2000, 0, 0, 2000, 2000, 'note', '2023-06-19 16:20:29', '2023-06-19 16:20:29'),
(21, 'J-20230621-1-1-00037', 40, 1, 2000, 0, 0, 2000, 2000, 'note', '2023-06-21 07:16:11', '2023-06-21 07:16:11'),
(22, 'J-20230621-1-1-00037', 41, 1, 7000, 0, 0, 7000, 7000, 'note', '2023-06-21 07:16:11', '2023-06-21 07:16:11'),
(23, 'J-20230621-1-1-00037', 42, 8, 2000, 0, 0, 16000, 16000, 'note', '2023-06-21 07:16:11', '2023-06-21 07:16:11'),
(24, 'J-20230621-1-1-00038', 39, 1, 2500, 0, 0, 2500, 2500, 'note', '2023-06-21 12:20:45', '2023-06-21 12:20:45'),
(25, 'J-20230621-1-1-00038', 42, 1, 2000, 0, 0, 2000, 2000, 'note', '2023-06-21 12:20:45', '2023-06-21 12:20:45'),
(26, 'J-20230621-1-1-00038', 41, 1, 7000, 20, 1400, 7000, 5600, 'note', '2023-06-21 12:20:45', '2023-06-21 12:20:45'),
(27, 'J-20230621-1-1-00001', 41, 1, 7000, 0, 0, 7000, 7000, 'note', '2023-06-21 12:24:55', '2023-06-21 12:24:55'),
(28, 'J-20230621-1-1-00001', 40, 1, 2000, 50, 1000, 2000, 1000, 'note', '2023-06-21 12:24:55', '2023-06-21 12:24:55'),
(29, 'J-20230621-1-1-00002', 39, 1, 2500, 0, 0, 2500, 2500, 'note', '2023-06-21 12:29:34', '2023-06-21 12:29:34'),
(30, 'J-20230621-1-1-00003', 42, 1, 2000, 0, 0, 2000, 2000, 'note', '2023-06-21 12:31:19', '2023-06-21 12:31:19'),
(31, 'J-20230621-1-1-00004', 40, 1, 2000, 90, 1800, 2000, 200, 'note', '2023-06-21 12:32:55', '2023-06-21 12:32:55'),
(32, 'J-20230621-1-1-00005', 46, 10, 2500, 5, 1250, 25000, 23750, 'note', '2023-06-21 15:33:55', '2023-06-21 15:33:55'),
(33, 'J-20230621-1-1-00006', 45, 5, 6000, 0, 0, 30000, 30000, 'note', '2023-06-21 15:34:09', '2023-06-21 15:34:09'),
(34, 'J-20230621-1-1-00007', 40, 5, 2000, 0, 0, 10000, 10000, 'note', '2023-06-21 15:34:32', '2023-06-21 15:34:32'),
(35, 'J-20230621-1-1-00007', 49, 10, 3500, 0, 0, 35000, 35000, 'note', '2023-06-21 15:34:32', '2023-06-21 15:34:32'),
(36, 'J-20230621-1-1-00007', 44, 20, 2500, 0, 0, 50000, 50000, 'note', '2023-06-21 15:34:32', '2023-06-21 15:34:32'),
(37, 'J-20230621-1-1-00008', 39, 5, 2500, 0, 0, 12500, 12500, 'note', '2023-06-21 15:34:44', '2023-06-21 15:34:44'),
(38, 'J-20230621-1-1-00009', 46, 5, 2500, 10, 1250, 12500, 11250, 'note', '2023-06-21 15:34:55', '2023-06-21 15:34:55'),
(39, 'J-20230621-1-1-00010', 44, 6, 2500, 5, 750, 15000, 14250, 'note', '2023-06-21 15:35:10', '2023-06-21 15:35:10'),
(40, 'J-20230621-1-1-00011', 49, 2, 3500, 0, 0, 7000, 7000, 'note', '2023-06-21 15:35:20', '2023-06-21 15:35:20'),
(41, 'J-20230624-1-1-00012', 46, 40, 3500, 20, 28000, 140000, 112000, '', '2023-06-24 04:21:16', '2023-06-24 04:21:16'),
(42, 'J-20230624-1-1-00012', 45, 20, 5000, 20, 20000, 100000, 80000, '', '2023-06-24 04:21:16', '2023-06-24 04:21:16'),
(43, 'J-20230624-1-17-00013', 39, 10, 5000, 0, 0, 50000, 50000, '-', '2023-06-24 04:22:10', '2023-06-24 04:22:10'),
(44, 'J-20230624-1-17-00013', 40, 10, 3000, 0, 0, 30000, 30000, '-', '2023-06-24 04:22:10', '2023-06-24 04:22:10'),
(45, 'J-20230625-1-1-00014', 46, 1, 3500, 10, 350, 3500, 3150, '', '2023-06-24 17:39:42', '2023-06-24 17:39:42'),
(46, 'J-20230625-1-1-00014', 49, 1, 3000, 0, 0, 3000, 3000, '', '2023-06-24 17:39:42', '2023-06-24 17:39:42'),
(47, 'J-20230625-1-17-00015', 39, 5, 5000, 0, 0, 25000, 25000, '-', '2023-06-24 18:00:41', '2023-06-24 18:00:41'),
(48, 'J-20230625-1-17-00015', 40, 10, 3000, 0, 0, 30000, 30000, '-', '2023-06-24 18:00:41', '2023-06-24 18:00:41'),
(49, 'J-20230625-1-17-00015', 42, 6, 3500, 0, 0, 21000, 21000, '-', '2023-06-24 18:00:41', '2023-06-24 18:00:41'),
(50, 'J-20230625-1-1-00016', 46, 1, 3500, 0, 0, 3500, 3500, '', '2023-06-25 05:15:54', '2023-06-25 05:15:54'),
(51, 'J-20230625-1-1-00017', 45, 1, 5000, 0, 0, 5000, 5000, '', '2023-06-25 05:16:03', '2023-06-25 05:16:03'),
(52, 'J-20230625-1-1-00018', 49, 1, 3000, 0, 0, 3000, 3000, '', '2023-06-25 05:16:17', '2023-06-25 05:16:17'),
(53, 'J-20230629-1-17-00019', 42, 1, 3500, 0, 0, 3500, 3500, '-', '2023-06-29 14:58:17', '2023-06-29 14:58:17'),
(54, 'J-20230629-1-17-00020', 41, 8, 5000, 0, 0, 40000, 40000, '-', '2023-06-29 15:00:59', '2023-06-29 15:00:59'),
(55, 'J-20230629-1-1-00021', 46, 1, 3500, 10, 350, 3500, 3150, '', '2023-06-29 15:03:31', '2023-06-29 15:03:31'),
(56, 'J-20230702-1-17-00022', 44, 1, 4000, 0, 0, 4000, 4000, '', '2023-07-02 11:27:06', '2023-07-02 11:27:06'),
(57, 'J-20230703-1-17-00023', 44, 1, 4000, 0, 0, 4000, 4000, '', '2023-07-03 10:45:00', '2023-07-03 10:45:00'),
(58, 'J-20230703-1-17-00024', 49, 1, 3000, 0, 0, 3000, 3000, '', '2023-07-03 10:46:42', '2023-07-03 10:46:42'),
(59, 'J-20230703-1-17-00025', 39, 7, 5000, 0, 0, 35000, 35000, '-', '2023-07-03 10:50:15', '2023-07-03 10:50:15'),
(60, 'J-20230703-1-17-00026', 49, 1, 3000, 0, 0, 3000, 3000, '', '2023-07-03 10:51:31', '2023-07-03 10:51:31'),
(61, 'J-20230703-1-17-00026', 39, 1, 5000, 0, 0, 5000, 5000, '', '2023-07-03 11:18:55', '2023-07-03 11:18:55'),
(62, 'J-20230703-1-17-00026', 49, 1, 3000, 0, 0, 3000, 3000, '', '2023-07-03 11:19:20', '2023-07-03 11:19:20'),
(63, 'J-20230703-1-17-00026', 45, 1, 5000, 0, 0, 5000, 5000, '', '2023-07-03 11:19:20', '2023-07-03 11:19:20'),
(64, 'J-20230703-1-17-00026', 46, 1, 3500, 0, 0, 3500, 3500, '', '2023-07-03 11:19:20', '2023-07-03 11:19:20'),
(65, 'J-20230703-1-17-00026', 42, 5, 3500, 0, 0, 17500, 17500, '', '2023-07-03 11:19:20', '2023-07-03 11:19:20'),
(66, 'J-20230703-1-17-00027', 46, 1, 3500, 5, 175, 3500, 3325, '', '2023-07-03 11:19:58', '2023-07-03 11:19:58'),
(67, 'J-20230703-1-17-00027', 45, 1, 5000, 5, 250, 5000, 4750, '', '2023-07-03 11:19:58', '2023-07-03 11:19:58'),
(68, 'J-20230703-1-17-00028', 46, 1, 3500, 0, 0, 3500, 3500, '', '2023-07-03 12:13:40', '2023-07-03 12:13:40'),
(69, 'J-20230703-1-17-00029', 49, 1, 3000, 0, 0, 3000, 3000, '', '2023-07-03 12:14:05', '2023-07-03 12:14:05'),
(70, 'J-20230703-1-17-00030', 45, 1, 5000, 0, 0, 5000, 5000, '', '2023-07-03 12:59:48', '2023-07-03 12:59:48'),
(71, 'J-20230705-1-17-00031', 46, 1, 3500, 0, 0, 3500, 3500, '', '2023-07-05 08:40:56', '2023-07-05 08:40:56'),
(72, 'J-20230705-1-17-00032', 45, 1, 5000, 0, 0, 5000, 5000, '', '2023-07-05 08:41:18', '2023-07-05 08:41:18'),
(73, 'J-20230705-1-17-00033', 46, 1, 3500, 0, 0, 3500, 3500, '', '2023-07-05 08:47:14', '2023-07-05 08:47:14'),
(74, 'J-20230705-1-17-00034', 49, 10, 3000, 0, 0, 30000, 30000, '', '2023-07-05 08:54:53', '2023-07-14 08:01:54'),
(75, 'J-20230711-1-17-00035', 39, 10, 5000, 0, 0, 50000, 50000, '', '2023-07-11 09:52:51', '2023-07-14 08:01:35'),
(76, 'J-20230714-1-17-00036', 46, 15, 3500, 0, 0, 52500, 52500, '', '2023-07-14 15:54:42', '2023-07-14 15:55:10'),
(77, 'J-20230728-1-17-00037', 46, 8, 3500, 0, 0, 28000, 28000, '', '2023-07-28 04:19:45', '2023-07-28 04:19:45'),
(78, 'J-20230728-1-17-00038', 39, 5, 5000, 0, 0, 25000, 25000, '-', '2023-07-28 04:23:03', '2023-07-28 04:23:03'),
(79, 'J-20230728-214-17-00039', 44, 10, 4000, 0, 0, 40000, 40000, '', '2023-07-28 09:11:33', '2023-07-28 09:11:33'),
(80, 'J-20230728-214-17-00040', 39, 12, 5000, 0, 0, 60000, 60000, '-', '2023-07-28 09:13:29', '2023-07-28 09:13:29'),
(81, 'J-20230801-114-17-00041', 39, 1, 5000, 0, 0, 5000, 5000, '-', '2023-08-01 06:12:07', '2023-08-01 06:12:07'),
(82, 'J-20230801-114-17-00042', 44, 10, 4000, 0, 0, 40000, 40000, '', '2023-08-01 06:13:56', '2023-08-01 06:13:56'),
(83, 'J-20230801-114-17-00043', 40, 6, 3000, 0, 0, 18000, 18000, '-', '2023-08-01 06:14:45', '2023-08-01 06:14:45');

-- --------------------------------------------------------

--
-- Struktur dari tabel `tbkategori`
--

CREATE TABLE `tbkategori` (
  `id_kategori` int(11) NOT NULL,
  `kategori` varchar(50) NOT NULL,
  `created_at` timestamp NOT NULL DEFAULT current_timestamp(),
  `updated_at` timestamp NOT NULL DEFAULT current_timestamp() ON UPDATE current_timestamp()
) ENGINE=InnoDB DEFAULT CHARSET=latin1 COLLATE=latin1_swedish_ci;

--
-- Dumping data untuk tabel `tbkategori`
--

INSERT INTO `tbkategori` (`id_kategori`, `kategori`, `created_at`, `updated_at`) VALUES
(4, 'Pensil', '2023-06-21 15:19:44', '2023-06-24 04:07:37'),
(5, 'Pen', '2023-06-21 15:19:50', '2023-06-21 15:19:50'),
(6, 'Kertas', '2023-06-21 15:19:54', '2023-06-21 15:19:54'),
(7, 'Penghapus / Tip-Ex', '2023-06-21 15:20:11', '2023-06-21 15:20:11'),
(8, 'Lain-lain', '2023-06-21 15:29:16', '2023-06-21 15:29:16');

-- --------------------------------------------------------

--
-- Struktur dari tabel `tbkeranjang`
--

CREATE TABLE `tbkeranjang` (
  `id` int(11) NOT NULL,
  `kode_barang` varchar(200) NOT NULL,
  `subtotal` double NOT NULL,
  `jumlah` int(11) NOT NULL,
  `id_user` int(11) NOT NULL
) ENGINE=InnoDB DEFAULT CHARSET=latin1 COLLATE=latin1_swedish_ci;

--
-- Dumping data untuk tabel `tbkeranjang`
--

INSERT INTO `tbkeranjang` (`id`, `kode_barang`, `subtotal`, `jumlah`, `id_user`) VALUES
(26, 'BRG01', 5000, 1, 1),
(27, 'BRG03', 5000, 1, 1),
(30, 'BRG01', 5000, 1, 41);

-- --------------------------------------------------------

--
-- Struktur dari tabel `tbkonsumen`
--

CREATE TABLE `tbkonsumen` (
  `id` int(11) NOT NULL,
  `nama` varchar(100) NOT NULL,
  `alamat` text NOT NULL,
  `no_hp` varchar(200) NOT NULL,
  `password` varchar(200) NOT NULL,
  `auth` varchar(200) NOT NULL,
  `email` varchar(200) NOT NULL,
  `verified` tinyint(1) NOT NULL,
  `token` longtext NOT NULL,
  `created_at` datetime NOT NULL DEFAULT current_timestamp(),
  `updated_at` datetime NOT NULL DEFAULT current_timestamp() ON UPDATE current_timestamp()
) ENGINE=InnoDB DEFAULT CHARSET=latin1 COLLATE=latin1_swedish_ci;

--
-- Dumping data untuk tabel `tbkonsumen`
--

INSERT INTO `tbkonsumen` (`id`, `nama`, `alamat`, `no_hp`, `password`, `auth`, `email`, `verified`, `token`, `created_at`, `updated_at`) VALUES
(17, 'joshua', 'purnama agung _0|serdam komplek agung 5_1|', '085156310036', 'MTIzNDU2', 'http://mahkota.grhadigital.id/home/verifyemail.php?email=joshuanatanael33@gmail.com&token=88c9d6e9f38e157c6e3185d5e81c3fde15e581d611b919fc96b77f5240069dce25da3ba1fab71101c9480544c0a6f8e4421e1727397ca3', 'joshuanatanael33@gmail.com', 1, '88c9d6e9f38e157c6e3185d5e81c3fde15e581d611b919fc96b77f5240069dce25da3ba1fab71101c9480544c0a6f8e4421e1727397ca33193ddf83761deeb4b', '2023-06-19 22:35:45', '2023-08-01 06:14:41'),
(51, 'Cash', '', '08', '', '', '-', 0, '', '2023-08-01 05:30:52', '2023-08-01 06:13:42');

-- --------------------------------------------------------

--
-- Struktur dari tabel `tblogsproduk`
--

CREATE TABLE `tblogsproduk` (
  `id` int(11) NOT NULL,
  `idproduk` int(11) NOT NULL,
  `jumlah` double NOT NULL,
  `kategori` enum('masuk','keluar') NOT NULL,
  `iduser` int(11) NOT NULL,
  `created_at` timestamp NOT NULL DEFAULT current_timestamp(),
  `updated_at` timestamp NOT NULL DEFAULT current_timestamp() ON UPDATE current_timestamp()
) ENGINE=InnoDB DEFAULT CHARSET=latin1 COLLATE=latin1_swedish_ci;

--
-- Dumping data untuk tabel `tblogsproduk`
--

INSERT INTO `tblogsproduk` (`id`, `idproduk`, `jumlah`, `kategori`, `iduser`, `created_at`, `updated_at`) VALUES
(1, 37, 1, 'keluar', 1, '2023-04-18 11:52:46', '2023-04-18 11:52:46'),
(2, 37, 1, 'keluar', 1, '2023-05-16 01:23:52', '2023-05-16 01:23:52'),
(3, 40, 1, 'keluar', 1, '2023-06-11 17:24:30', '2023-06-11 17:24:30'),
(4, 41, 1, 'keluar', 1, '2023-06-11 17:24:38', '2023-06-11 17:24:38'),
(5, 40, 1, 'keluar', 1, '2023-06-11 17:24:50', '2023-06-11 17:24:50'),
(6, 40, 10, 'masuk', 11, '2023-06-12 02:57:50', '2023-06-12 02:57:50'),
(7, 41, 20, 'masuk', 11, '2023-06-12 02:58:09', '2023-06-12 02:58:09'),
(8, 39, 10, 'masuk', 11, '2023-06-12 02:58:49', '2023-06-12 02:58:49'),
(9, 39, 1, 'keluar', 0, '2023-06-12 02:58:51', '2023-06-12 02:58:51'),
(10, 41, 1, 'keluar', 0, '2023-06-12 02:58:51', '2023-06-12 02:58:51'),
(11, 39, 3, 'keluar', 0, '2023-06-12 03:02:34', '2023-06-12 03:02:34'),
(12, 40, 2, 'keluar', 0, '2023-06-12 03:02:43', '2023-06-12 03:02:43'),
(13, 39, 1, 'keluar', 0, '2023-06-12 03:03:06', '2023-06-12 03:03:06'),
(14, 40, 1, 'keluar', 11, '2023-06-12 03:09:40', '2023-06-12 03:09:40'),
(15, 40, 1, 'keluar', 11, '2023-06-12 03:24:38', '2023-06-12 03:24:38'),
(16, 40, 20, 'masuk', 1, '2023-06-12 03:34:36', '2023-06-12 03:34:36'),
(17, 40, -5, 'keluar', 1, '2023-06-12 03:34:50', '2023-06-12 03:34:50'),
(18, 40, -19, 'keluar', 1, '2023-06-18 15:40:24', '2023-06-18 15:40:24'),
(19, 39, 1, 'keluar', 0, '2023-06-18 15:40:53', '2023-06-18 15:40:53'),
(20, 39, 1, 'keluar', 0, '2023-06-18 15:41:07', '2023-06-18 15:41:07'),
(21, 41, 1, 'keluar', 0, '2023-06-18 15:42:39', '2023-06-18 15:42:39'),
(22, 39, 1, 'keluar', 0, '2023-06-18 15:54:24', '2023-06-18 15:54:24'),
(23, 41, 3, 'keluar', 0, '2023-06-18 15:57:28', '2023-06-18 15:57:28'),
(24, 40, 3, 'masuk', 1, '2023-06-19 12:01:39', '2023-06-19 12:01:39'),
(25, 40, -4, 'keluar', 1, '2023-06-19 12:02:29', '2023-06-19 12:02:29'),
(26, 40, 1, 'keluar', 1, '2023-06-19 15:10:50', '2023-06-19 15:10:50'),
(27, 40, 1, 'keluar', 1, '2023-06-19 15:13:45', '2023-06-19 15:13:45'),
(28, 40, 1, 'keluar', 1, '2023-06-19 16:20:29', '2023-06-19 16:20:29'),
(29, 40, 1, 'keluar', 1, '2023-06-21 07:16:11', '2023-06-21 07:16:11'),
(30, 41, 1, 'keluar', 1, '2023-06-21 07:16:11', '2023-06-21 07:16:11'),
(31, 42, 8, 'keluar', 1, '2023-06-21 07:16:11', '2023-06-21 07:16:11'),
(32, 39, 1, 'keluar', 1, '2023-06-21 12:20:45', '2023-06-21 12:20:45'),
(33, 42, 1, 'keluar', 1, '2023-06-21 12:20:45', '2023-06-21 12:20:45'),
(34, 41, 1, 'keluar', 1, '2023-06-21 12:20:45', '2023-06-21 12:20:45'),
(35, 41, 1, 'keluar', 1, '2023-06-21 12:24:55', '2023-06-21 12:24:55'),
(36, 40, 1, 'keluar', 1, '2023-06-21 12:24:55', '2023-06-21 12:24:55'),
(37, 39, 1, 'keluar', 1, '2023-06-21 12:29:34', '2023-06-21 12:29:34'),
(38, 42, 1, 'keluar', 1, '2023-06-21 12:31:19', '2023-06-21 12:31:19'),
(39, 40, 1, 'keluar', 1, '2023-06-21 12:32:55', '2023-06-21 12:32:55'),
(40, 40, 104, 'masuk', 1, '2023-06-21 15:21:38', '2023-06-21 15:21:38'),
(41, 42, 110, 'masuk', 1, '2023-06-21 15:21:47', '2023-06-21 15:21:47'),
(42, 39, 100, 'masuk', 1, '2023-06-21 15:21:52', '2023-06-21 15:21:52'),
(43, 41, 88, 'masuk', 1, '2023-06-21 15:22:03', '2023-06-21 15:22:03'),
(44, 46, 100, 'masuk', 1, '2023-06-21 15:30:25', '2023-06-21 15:30:25'),
(45, 44, 100, 'masuk', 1, '2023-06-21 15:30:31', '2023-06-21 15:30:31'),
(46, 49, 100, 'masuk', 1, '2023-06-21 15:30:35', '2023-06-21 15:30:35'),
(47, 45, 100, 'masuk', 1, '2023-06-21 15:30:41', '2023-06-21 15:30:41'),
(48, 47, 100, 'masuk', 1, '2023-06-21 15:30:46', '2023-06-21 15:30:46'),
(49, 48, 100, 'masuk', 1, '2023-06-21 15:30:58', '2023-06-21 15:30:58'),
(50, 46, 10, 'keluar', 1, '2023-06-21 15:33:55', '2023-06-21 15:33:55'),
(51, 45, 5, 'keluar', 1, '2023-06-21 15:34:09', '2023-06-21 15:34:09'),
(52, 40, 5, 'keluar', 1, '2023-06-21 15:34:32', '2023-06-21 15:34:32'),
(53, 49, 10, 'keluar', 1, '2023-06-21 15:34:32', '2023-06-21 15:34:32'),
(54, 44, 20, 'keluar', 1, '2023-06-21 15:34:32', '2023-06-21 15:34:32'),
(55, 39, 5, 'keluar', 1, '2023-06-21 15:34:44', '2023-06-21 15:34:44'),
(56, 46, 5, 'keluar', 1, '2023-06-21 15:34:55', '2023-06-21 15:34:55'),
(57, 44, 6, 'keluar', 1, '2023-06-21 15:35:10', '2023-06-21 15:35:10'),
(58, 49, 2, 'keluar', 1, '2023-06-21 15:35:20', '2023-06-21 15:35:20'),
(59, 46, -235, 'keluar', 1, '2023-06-21 16:53:10', '2023-06-21 16:53:10'),
(60, 46, 235, 'masuk', 1, '2023-06-21 16:53:26', '2023-06-21 16:53:26'),
(61, 46, -35, 'keluar', 1, '2023-06-24 03:55:54', '2023-06-24 03:55:54'),
(62, 46, 35, 'masuk', 1, '2023-06-24 03:56:00', '2023-06-24 03:56:00'),
(63, 46, 40, 'keluar', 1, '2023-06-24 04:21:16', '2023-06-24 04:21:16'),
(64, 45, 20, 'keluar', 1, '2023-06-24 04:21:16', '2023-06-24 04:21:16'),
(65, 39, 10, 'keluar', 17, '2023-06-24 04:22:10', '2023-06-24 04:22:10'),
(66, 40, 10, 'keluar', 17, '2023-06-24 04:22:10', '2023-06-24 04:22:10'),
(67, 39, -22, 'keluar', 1, '2023-06-24 04:43:40', '2023-06-24 04:43:40'),
(68, 46, 1, 'keluar', 1, '2023-06-24 17:39:42', '2023-06-24 17:39:42'),
(69, 49, 1, 'keluar', 1, '2023-06-24 17:39:42', '2023-06-24 17:39:42'),
(70, 39, 5, 'keluar', 17, '2023-06-24 18:00:41', '2023-06-24 18:00:41'),
(71, 40, 10, 'keluar', 17, '2023-06-24 18:00:41', '2023-06-24 18:00:41'),
(72, 42, 6, 'keluar', 17, '2023-06-24 18:00:41', '2023-06-24 18:00:41'),
(73, 46, 1, 'keluar', 1, '2023-06-25 05:15:54', '2023-06-25 05:15:54'),
(74, 45, 1, 'keluar', 1, '2023-06-25 05:16:03', '2023-06-25 05:16:03'),
(75, 49, 1, 'keluar', 1, '2023-06-25 05:16:17', '2023-06-25 05:16:17'),
(76, 42, 1, 'keluar', 17, '2023-06-29 14:58:17', '2023-06-29 14:58:17'),
(77, 41, 8, 'keluar', 17, '2023-06-29 15:00:59', '2023-06-29 15:00:59'),
(78, 46, 1, 'keluar', 1, '2023-06-29 15:03:31', '2023-06-29 15:03:31'),
(79, 44, 1, 'keluar', 17, '2023-07-02 11:27:06', '2023-07-02 11:27:06'),
(80, 44, 1, 'keluar', 17, '2023-07-03 10:45:00', '2023-07-03 10:45:00'),
(81, 49, 1, 'keluar', 17, '2023-07-03 10:46:42', '2023-07-03 10:46:42'),
(82, 39, 7, 'keluar', 17, '2023-07-03 10:50:15', '2023-07-03 10:50:15'),
(83, 45, 1, 'keluar', 17, '2023-07-03 10:50:49', '2023-07-03 10:50:49'),
(84, 49, 1, 'keluar', 17, '2023-07-03 10:51:31', '2023-07-03 10:51:31'),
(85, 39, 1, 'keluar', 17, '2023-07-03 11:18:55', '2023-07-03 11:18:55'),
(86, 49, 1, 'keluar', 17, '2023-07-03 11:19:20', '2023-07-03 11:19:20'),
(87, 45, 1, 'keluar', 17, '2023-07-03 11:19:20', '2023-07-03 11:19:20'),
(88, 46, 1, 'keluar', 17, '2023-07-03 11:19:20', '2023-07-03 11:19:20'),
(89, 42, 5, 'keluar', 17, '2023-07-03 11:19:20', '2023-07-03 11:19:20'),
(90, 46, 1, 'keluar', 17, '2023-07-03 11:19:58', '2023-07-03 11:19:58'),
(91, 45, 1, 'keluar', 17, '2023-07-03 11:19:58', '2023-07-03 11:19:58'),
(92, 46, 1, 'keluar', 17, '2023-07-03 12:13:40', '2023-07-03 12:13:40'),
(93, 49, 1, 'keluar', 17, '2023-07-03 12:14:05', '2023-07-03 12:14:05'),
(94, 45, 1, 'keluar', 17, '2023-07-03 12:59:48', '2023-07-03 12:59:48'),
(95, 46, 1, 'keluar', 17, '2023-07-05 08:40:56', '2023-07-05 08:40:56'),
(96, 45, 1, 'keluar', 17, '2023-07-05 08:41:18', '2023-07-05 08:41:18'),
(97, 46, 1, 'keluar', 17, '2023-07-05 08:47:14', '2023-07-05 08:47:14'),
(98, 49, 1, 'keluar', 17, '2023-07-05 08:54:53', '2023-07-05 08:54:53'),
(99, 39, 1, 'keluar', 17, '2023-07-11 09:52:51', '2023-07-11 09:52:51'),
(100, 46, 10, 'keluar', 17, '2023-07-14 15:54:42', '2023-07-14 15:54:42'),
(101, 46, 8, 'keluar', 17, '2023-07-28 04:19:45', '2023-07-28 04:19:45'),
(102, 39, 5, 'keluar', 17, '2023-07-28 04:23:03', '2023-07-28 04:23:03'),
(103, 44, 10, 'keluar', 17, '2023-07-28 09:11:33', '2023-07-28 09:11:33'),
(104, 39, 12, 'keluar', 17, '2023-07-28 09:13:29', '2023-07-28 09:13:29'),
(105, 46, 9, 'masuk', 17, '2023-08-01 05:34:15', '2023-08-01 05:34:15'),
(106, 39, 1, 'keluar', 0, '2023-08-01 06:12:07', '2023-08-01 06:12:07'),
(107, 44, 10, 'keluar', 17, '2023-08-01 06:13:56', '2023-08-01 06:13:56'),
(108, 40, 6, 'keluar', 17, '2023-08-01 06:14:45', '2023-08-01 06:14:45');

-- --------------------------------------------------------

--
-- Struktur dari tabel `tbpembelian`
--

CREATE TABLE `tbpembelian` (
  `id` bigint(20) UNSIGNED NOT NULL,
  `id_pembelian` varchar(200) NOT NULL,
  `id_user` int(11) NOT NULL,
  `id_user_approve` int(11) DEFAULT NULL,
  `id_supplier` bigint(20) NOT NULL,
  `status` varchar(190) NOT NULL,
  `tanggal` date NOT NULL,
  `biaya_lainnya` double DEFAULT 0,
  `desc_biaya_lainnya` varchar(200) DEFAULT NULL,
  `subtotal` double NOT NULL,
  `diskon` double NOT NULL,
  `pajak` double NOT NULL,
  `grandtotal` double NOT NULL,
  `statusApproved` varchar(100) DEFAULT NULL,
  `alasan` longtext CHARACTER SET utf16 COLLATE utf16_unicode_ci DEFAULT NULL,
  `created_at` timestamp NULL DEFAULT current_timestamp(),
  `updated_at` timestamp NULL DEFAULT current_timestamp() ON UPDATE current_timestamp()
) ENGINE=InnoDB DEFAULT CHARSET=utf8mb4 COLLATE=utf8mb4_unicode_ci;

--
-- Dumping data untuk tabel `tbpembelian`
--

INSERT INTO `tbpembelian` (`id`, `id_pembelian`, `id_user`, `id_user_approve`, `id_supplier`, `status`, `tanggal`, `biaya_lainnya`, `desc_biaya_lainnya`, `subtotal`, `diskon`, `pajak`, `grandtotal`, `statusApproved`, `alasan`, `created_at`, `updated_at`) VALUES
(1, 'B-20230624-1-1-00001', 1, 1, 3, 'Pembelian', '2023-06-24', 0, NULL, 1950, 95, 0, 1855, 'Approved', 'Penambahan Stock', '2023-06-24 04:34:05', '2023-06-24 04:34:17'),
(2, 'B-20230624-1-1-00002', 1, NULL, 0, 'PO Pembelian', '2023-06-24', 0, NULL, 20000, 0, 0, 20000, NULL, NULL, '2023-06-24 04:38:44', '2023-06-24 04:38:44'),
(3, 'B-20230624-1-1-00003', 1, NULL, 0, 'PO Pembelian', '2023-06-24', 0, NULL, 20000, 0, 0, 20000, NULL, NULL, '2023-06-24 04:40:38', '2023-06-24 04:40:38'),
(4, 'B-20230624-1-1-00004', 1, NULL, 0, 'PO Pembelian', '2023-06-24', 0, NULL, 20000, 0, 0, 20000, NULL, NULL, '2023-06-24 04:40:57', '2023-06-24 04:40:57'),
(5, 'B-20230624-1-1-00005', 1, 1, 5, 'Pembelian', '2023-06-24', 0, NULL, 20000, 0, 0, 20000, 'Approved', 'Penambahan Stock', '2023-06-24 04:42:29', '2023-06-24 04:42:35'),
(6, 'B-20230625-1-1-00006', 1, 1, 6, 'Pembelian', '2023-06-25', 0, NULL, 1500, 100, 0, 1400, 'Approved', 'Penambahan Stock', '2023-06-24 17:41:57', '2023-06-24 17:46:02'),
(7, 'B-20230625-1-1-00007', 1, NULL, 0, 'PO Pembelian', '2023-06-25', 0, NULL, 1000, 0, 0, 1000, NULL, NULL, '2023-06-24 17:42:09', '2023-06-24 17:42:09'),
(8, 'B-20230625-1-1-00008', 1, NULL, 0, 'PO Pembelian', '2023-06-25', 0, NULL, 1500, 0, 0, 1500, NULL, NULL, '2023-06-24 17:42:25', '2023-06-24 17:42:25'),
(9, 'B-20230625-1-1-00009', 1, 1, 3, 'Pembelian', '2023-06-25', 0, NULL, 19000, 950, 0, 18050, 'Approved', 'Penambahan Stock', '2023-06-24 17:42:40', '2023-06-24 17:46:00'),
(10, 'B-20230625-1-1-00010', 1, 1, 5, 'Pembelian', '2023-06-25', 0, NULL, 50000, 0, 0, 50000, 'Rejected', 'aa', '2023-06-24 17:42:51', '2023-06-24 17:45:57'),
(11, 'B-20230625-1-1-00011', 1, 1, 3, 'Pembelian', '2023-06-25', 0, NULL, 150000, 0, 0, 150000, 'Approved', 'Penambahan Stock', '2023-06-24 17:43:03', '2023-06-24 17:45:52'),
(12, 'B-20230625-1-1-00012', 1, 1, 5, 'Pembelian', '2023-06-25', 0, NULL, 57000, 0, 0, 57000, 'Approved', 'Penambahan Stock', '2023-06-24 17:43:14', '2023-06-24 17:45:48'),
(13, 'B-20230625-1-1-00013', 1, 1, 6, 'Pembelian', '2023-06-25', 0, NULL, 216000, 0, 0, 216000, 'Approved', 'Penambahan Stock', '2023-06-24 17:43:25', '2023-06-24 17:45:46'),
(14, 'B-20230625-1-1-00014', 1, 1, 2, 'Pembelian', '2023-06-25', 0, NULL, 100000, 0, 0, 100000, 'Rejected', 'salah input', '2023-06-24 17:43:49', '2023-06-24 17:45:43'),
(15, 'B-20230625-1-1-00015', 1, 1, 3, 'Pembelian', '2023-06-25', 0, NULL, 50000, 0, 0, 50000, 'Approved', 'Penambahan Stock', '2023-06-24 17:43:59', '2023-06-24 17:45:37'),
(16, 'B-20230625-1-1-00016', 1, 1, 6, 'Pembelian', '2023-06-25', 0, NULL, 1000, 0, 0, 1000, 'Rejected', 'salah input', '2023-06-24 17:46:23', '2023-06-24 17:46:45'),
(17, 'B-20230705-1-17-00017', 17, 17, 3, 'Pembelian', '2023-07-05', 0, NULL, 95000, 0, 0, 95000, 'Approved', 'Penambahan Stock', '2023-07-05 08:42:02', '2023-07-05 08:42:28'),
(18, 'B-20230714-1-17-00018', 17, 17, 6, 'Pembelian', '2023-07-14', 0, NULL, 500000, 0, 0, 500000, 'Approved', 'Penambahan Stock', '2023-07-14 15:55:35', '2023-07-14 15:55:49'),
(19, 'B-20230728-1-17-00019', 17, 17, 3, 'Pembelian', '2023-07-28', 0, NULL, 100000, 0, 0, 100000, 'Approved', 'Penambahan Stock', '2023-07-28 04:20:08', '2023-07-28 04:20:08'),
(20, 'B-20230728-214-17-00020', 17, 17, 3, 'Pembelian', '2023-07-28', 0, NULL, 95000, 0, 0, 95000, 'Approved', 'Penambahan Stock', '2023-07-28 09:11:56', '2023-07-28 09:11:56');

-- --------------------------------------------------------

--
-- Struktur dari tabel `tbpembeliandetil`
--

CREATE TABLE `tbpembeliandetil` (
  `id` bigint(20) UNSIGNED NOT NULL,
  `id_pembelian` varchar(200) NOT NULL,
  `id_produk` int(11) NOT NULL,
  `jumlah` int(11) NOT NULL,
  `harga` double NOT NULL,
  `diskon` double NOT NULL,
  `pajak` double NOT NULL,
  `jlhdiskon` double NOT NULL,
  `jlhpajak` double NOT NULL,
  `subtotal` double NOT NULL,
  `created_at` timestamp NULL DEFAULT current_timestamp(),
  `updated_at` timestamp NULL DEFAULT current_timestamp() ON UPDATE current_timestamp()
) ENGINE=InnoDB DEFAULT CHARSET=utf8mb4 COLLATE=utf8mb4_unicode_ci;

--
-- Dumping data untuk tabel `tbpembeliandetil`
--

INSERT INTO `tbpembeliandetil` (`id`, `id_pembelian`, `id_produk`, `jumlah`, `harga`, `diskon`, `pajak`, `jlhdiskon`, `jlhpajak`, `subtotal`, `created_at`, `updated_at`) VALUES
(2, 'B-20230624-1-1-00001', 49, 1, 950, 10, 0, 95, 0, 855, '2023-06-24 04:34:17', '2023-06-24 04:34:17'),
(3, 'B-20230624-1-1-00001', 46, 1, 1000, 0, 0, 0, 0, 1000, '2023-06-24 04:34:17', '2023-06-24 04:34:17'),
(4, 'B-20230624-1-1-00002', 39, 20, 1000, 0, 0, 0, 0, 20000, '2023-06-24 04:38:44', '2023-06-24 04:38:44'),
(5, 'B-20230624-1-1-00003', 39, 20, 1000, 0, 0, 0, 0, 20000, '2023-06-24 04:40:38', '2023-06-24 04:40:38'),
(6, 'B-20230624-1-1-00004', 39, 20, 1000, 0, 0, 0, 0, 20000, '2023-06-24 04:40:57', '2023-06-24 04:40:57'),
(8, 'B-20230624-1-1-00005', 39, 20, 1000, 0, 0, 0, 0, 20000, '2023-06-24 04:42:35', '2023-06-24 04:42:35'),
(11, 'B-20230625-1-1-00007', 46, 1, 1000, 0, 0, 0, 0, 1000, '2023-06-24 17:42:10', '2023-06-24 17:42:10'),
(12, 'B-20230625-1-1-00008', 45, 1, 1500, 0, 0, 0, 0, 1500, '2023-06-24 17:42:25', '2023-06-24 17:42:25'),
(21, 'B-20230625-1-1-00015', 40, 100, 500, 0, 0, 0, 0, 50000, '2023-06-24 17:45:37', '2023-06-24 17:45:37'),
(22, 'B-20230625-1-1-00013', 48, 240, 900, 0, 0, 0, 0, 216000, '2023-06-24 17:45:46', '2023-06-24 17:45:46'),
(23, 'B-20230625-1-1-00012', 42, 60, 950, 0, 0, 0, 0, 57000, '2023-06-24 17:45:48', '2023-06-24 17:45:48'),
(24, 'B-20230625-1-1-00011', 41, 100, 1500, 0, 0, 0, 0, 150000, '2023-06-24 17:45:52', '2023-06-24 17:45:52'),
(25, 'B-20230625-1-1-00009', 49, 20, 950, 5, 0, 950, 0, 18050, '2023-06-24 17:46:00', '2023-06-24 17:46:00'),
(26, 'B-20230625-1-1-00006', 44, 1, 500, 0, 0, 0, 0, 500, '2023-06-24 17:46:02', '2023-06-24 17:46:02'),
(27, 'B-20230625-1-1-00006', 46, 1, 1000, 10, 0, 100, 0, 900, '2023-06-24 17:46:02', '2023-06-24 17:46:02'),
(29, 'B-20230705-1-17-00017', 49, 100, 950, 0, 0, 0, 0, 95000, '2023-07-05 08:42:02', '2023-07-05 08:42:21'),
(30, 'B-20230714-1-17-00018', 44, 1000, 500, 0, 0, 0, 0, 500000, '2023-07-14 15:55:35', '2023-07-14 15:55:46'),
(31, 'B-20230728-1-17-00019', 46, 100, 1000, 0, 0, 0, 0, 100000, '2023-07-28 04:20:08', '2023-07-28 04:20:08'),
(32, 'B-20230728-214-17-00020', 49, 100, 950, 0, 0, 0, 0, 95000, '2023-07-28 09:11:56', '2023-07-28 09:11:56');

-- --------------------------------------------------------

--
-- Struktur dari tabel `tbproduk`
--

CREATE TABLE `tbproduk` (
  `id` int(11) NOT NULL,
  `kode_barang` varchar(200) NOT NULL DEFAULT '0',
  `nama` text NOT NULL,
  `deskripsi` longtext DEFAULT NULL,
  `img_url` text DEFAULT NULL,
  `harga_beli` double NOT NULL DEFAULT 0,
  `harga_jual` double NOT NULL,
  `satuan` varchar(50) NOT NULL,
  `kategori` varchar(50) NOT NULL,
  `jumlah` double NOT NULL,
  `created_at` timestamp NOT NULL DEFAULT current_timestamp(),
  `updated_at` timestamp NOT NULL DEFAULT current_timestamp() ON UPDATE current_timestamp()
) ENGINE=InnoDB DEFAULT CHARSET=latin1 COLLATE=latin1_swedish_ci;

--
-- Dumping data untuk tabel `tbproduk`
--

INSERT INTO `tbproduk` (`id`, `kode_barang`, `nama`, `deskripsi`, `img_url`, `harga_beli`, `harga_jual`, `satuan`, `kategori`, `jumlah`, `created_at`, `updated_at`) VALUES
(39, 'BRG01', 'Pulpen Vokus JOYKO BP-33', 'ukuran produk : panjang 14.1 cm x diameter 1cm ; warna : hitam ; tip : 0.7 mm ; 100 % Original', 'Screenshot_1.png', 1000, 5000, 'Pcs', 'Pen', 148, '2023-06-11 17:17:39', '2023-08-01 06:12:07'),
(40, 'BRG02', 'Penghapus Mini JOYKO BP-40', 'menghapus dengan bersih ; warna putih ; merk : joyko', 'Screenshot_2.png', 500, 3000, 'Pcs', 'Penghapus / Tip-Ex', 169, '2023-06-11 17:18:48', '2023-08-01 06:14:45'),
(41, 'BRG03', 'Tip Ex Cair Joyko JK-01', 'warna kombinasi merah putih  ; ukuran produk : panjang 9cm x lebar 3.9 cm ; cairan mudah kering ; type : Jk - 01', 'Screenshot_3.png', 1500, 5000, 'Pcs', 'Penghapus / Tip-Ex', 242, '2023-06-11 17:19:55', '2023-06-29 15:00:59'),
(42, 'BRG04', 'Pulpen Standard AE7 Hitam 0.5mm', '100% Original ; cocok untuk sekolah, kantor dll ; warna hitam', 'Screenshot_4.png', 950, 3500, 'Pcs', 'Pen', 298, '2023-06-11 17:21:19', '2023-07-03 11:19:20'),
(44, 'BRG05', 'GTT Pena Karakter Kartun Meow Lucu', 'Produk Impor 100% Tangan Pertama ; Menerima Dropship/Reseller/Wholesale ; Ikuti toko kami untuk info DISKON dan PRODUK BARU !', 'pen.jpg', 500, 4000, 'Pcs', 'Pen', 153, '2023-06-21 15:23:35', '2023-08-01 06:13:56'),
(45, 'BRG06', 'GTT Penghapus Isi 4 Pcs', 'Penghapus dengan bentuk es krim,donat dan lolipop ini memeliki bentuk serta warna yang unik, membuat siapapun tertarik, dengan daya hapus yang bisa membersihkan coretan pensil dan tidak meninggalkan bekas di kertas. isi 4 pcs setiap set dengan warna warna yang berbeda dan bentuk bentuk yang unik.cocok untuk di jadikan sebgai hadiah,karna sudha di lengkapi dengan box transparant\r\n', 'PENGHAPUS.jpg', 0, 5000, 'Kotak', 'Penghapus / Tip-Ex', 69, '2023-06-21 15:24:56', '2023-07-05 08:41:18'),
(46, 'BRG07', 'GTT Pena Gel 0.5MM Model TST 2', 'Ukuran : ± 14.5 Cm ; Bahan : Plastik ; Warna : Hitam ; Ketebalan : 0.5 Mm', 'PEN HITAM.jpg', 1000, 3500, 'Pcs', 'Pen', 280, '2023-06-21 15:26:31', '2023-08-01 05:34:15'),
(47, 'BRG08', 'GTT Pulpen Gel 0.5m Bolpoin Transparan', 'Ukuran : ± 14 Cm ; Bahan : Plastik; Warna : Hitam ; Ketebalan : 0.5 Mm', 'PEN HITAM.jpg', 0, 3000, 'Pcs', 'Pen', 100, '2023-06-21 15:27:40', '2023-06-24 03:37:12'),
(48, 'BRG09', 'GTT-Pena Gel Standard Pulpen Gel', 'Bahan : Plastik ; Ukuran : ± 14 Cm ; Ketebalan : 0.55 Mm ; Warna : Hitam', 'PEN STANDART GEL.jpg', 900, 2500, 'Pcs', 'Pen', 540, '2023-06-21 15:28:50', '2023-06-24 17:45:46'),
(49, 'BRG10', 'GTT Pena Kipas Lucu Animal dan Buah', 'Bahan : Plastik ; Ukuran : 20cm ; Tinta ; Biru', 'KIPAS PEN.jpg', 950, 3000, 'Pcs', 'Pen', 423, '2023-06-21 15:30:15', '2023-07-28 09:11:56');

-- --------------------------------------------------------

--
-- Struktur dari tabel `tbsatuan`
--

CREATE TABLE `tbsatuan` (
  `id_satuan` int(11) NOT NULL,
  `satuan` varchar(50) NOT NULL,
  `created_at` timestamp NOT NULL DEFAULT current_timestamp(),
  `updated_at` timestamp NOT NULL DEFAULT current_timestamp() ON UPDATE current_timestamp()
) ENGINE=InnoDB DEFAULT CHARSET=latin1 COLLATE=latin1_swedish_ci;

--
-- Dumping data untuk tabel `tbsatuan`
--

INSERT INTO `tbsatuan` (`id_satuan`, `satuan`, `created_at`, `updated_at`) VALUES
(1, 'Pcs', '2020-09-24 18:20:43', '2023-06-24 03:56:20'),
(4, 'Kotak', '2023-07-11 02:29:42', '2023-07-11 02:29:42'),
(5, 'Ply', '2023-07-11 02:29:52', '2023-07-11 02:29:52'),
(6, 'Buah', '2023-07-11 02:30:33', '2023-07-11 02:30:33');

-- --------------------------------------------------------

--
-- Struktur dari tabel `tbsupplier`
--

CREATE TABLE `tbsupplier` (
  `id` bigint(20) UNSIGNED NOT NULL,
  `nama` varchar(150) NOT NULL,
  `kontak` varchar(50) NOT NULL,
  `alamat` text NOT NULL,
  `deskripsi` text NOT NULL,
  `created_at` timestamp NULL DEFAULT current_timestamp(),
  `updated_at` timestamp NULL DEFAULT current_timestamp() ON UPDATE current_timestamp()
) ENGINE=InnoDB DEFAULT CHARSET=utf8mb4 COLLATE=utf8mb4_unicode_ci;

--
-- Dumping data untuk tabel `tbsupplier`
--

INSERT INTO `tbsupplier` (`id`, `nama`, `kontak`, `alamat`, `deskripsi`, `created_at`, `updated_at`) VALUES
(2, 'joshua', '085156310036', 'purwosari 3 no 23', 'supplier penggaris', '2023-01-20 15:30:47', '2023-06-21 15:46:52'),
(3, 'Doni', '0285566222', 'Serdam', 'Supplier Pen', '2023-06-11 17:35:24', '2023-06-11 17:35:24'),
(5, 'andi', '1564561267', 'simpang ampar', 'pen', '2023-06-21 15:37:35', '2023-06-21 15:37:35'),
(6, 'caca', '516189421888', 'dansen', 'penghapus', '2023-06-21 15:37:51', '2023-06-24 03:56:44');

-- --------------------------------------------------------

--
-- Struktur dari tabel `tbuser`
--

CREATE TABLE `tbuser` (
  `iduser` int(11) NOT NULL,
  `username` varchar(100) DEFAULT NULL,
  `password` text DEFAULT NULL,
  `status` varchar(100) DEFAULT NULL,
  `nama` varchar(200) DEFAULT NULL,
  `created_at` timestamp NOT NULL DEFAULT current_timestamp(),
  `updated_at` timestamp NOT NULL DEFAULT current_timestamp() ON UPDATE current_timestamp()
) ENGINE=InnoDB DEFAULT CHARSET=latin1 COLLATE=latin1_swedish_ci;

--
-- Dumping data untuk tabel `tbuser`
--

INSERT INTO `tbuser` (`iduser`, `username`, `password`, `status`, `nama`, `created_at`, `updated_at`) VALUES
(1, 'admin', 'MTIzNDU2', 'Admin', 'Admin', '2018-02-15 13:53:30', '2023-06-19 13:25:58'),
(2, 'test', 'MTIzNDU2', 'Admin', 'admin', '2022-10-27 08:41:04', '2023-04-14 16:34:06'),
(15, 'kasir', 'MTIzNDU2', 'Kasir', 'kasir', '2023-06-21 11:46:04', '2023-06-21 11:46:04'),
(16, 'karyawan', 'MTIzNDU2', 'Karyawan', 'karyawan', '2023-06-21 11:46:12', '2023-06-21 11:46:12'),
(17, 'owner', 'MTIzNDU2', 'Owner', 'owner', '2023-06-21 11:46:21', '2023-06-21 11:46:21');

-- --------------------------------------------------------

--
-- Struktur dari tabel `tempjualdetil`
--

CREATE TABLE `tempjualdetil` (
  `id` int(11) NOT NULL,
  `idjual` varchar(100) NOT NULL,
  `idkonsumen` int(11) NOT NULL,
  `idproduk` int(11) NOT NULL,
  `iduser` int(11) DEFAULT NULL,
  `jumlah` int(11) NOT NULL,
  `harga` double NOT NULL,
  `pajak` int(11) NOT NULL,
  `jlhpajak` double NOT NULL,
  `diskon` int(11) NOT NULL,
  `jlhdiskon` double NOT NULL,
  `subtotal` double NOT NULL,
  `total` double NOT NULL,
  `note` text NOT NULL,
  `created_at` timestamp NOT NULL DEFAULT current_timestamp(),
  `updated_at` timestamp NOT NULL DEFAULT current_timestamp() ON UPDATE current_timestamp()
) ENGINE=InnoDB DEFAULT CHARSET=latin1 COLLATE=latin1_swedish_ci;

--
-- Dumping data untuk tabel `tempjualdetil`
--

INSERT INTO `tempjualdetil` (`id`, `idjual`, `idkonsumen`, `idproduk`, `iduser`, `jumlah`, `harga`, `pajak`, `jlhpajak`, `diskon`, `jlhdiskon`, `subtotal`, `total`, `note`, `created_at`, `updated_at`) VALUES
(8, 'J-20230208-1-1-00002', 1, 27, 1, 1, 10000, 0, 0, 0, 0, 10000, 10000, '', '2023-02-08 09:07:08', '2023-02-08 09:07:08'),
(16, 'J-20230216-1-2-00001', 1, 23, 2, 1, 1, 0, 0, 0, 0, 1, 1, '', '2023-02-16 16:15:19', '2023-02-16 16:15:19'),
(22, 'J-20230228-120-1-00011', 1, 26, 1, 1, 111, 0, 0, 0, 0, 111, 111, '', '2023-02-28 03:45:23', '2023-02-28 03:45:23'),
(26, 'J-20230428-1-1-00002', 8, 37, 1, 1, 9000, 0, 0, 0, 0, 9000, 9000, '', '2023-04-28 07:23:39', '2023-04-28 07:23:39'),
(37, 'J-20230612-1-11-00028', 1, 40, 11, 1, 2000, 0, 0, 10, 200, 2000, 1800, '', '2023-06-12 03:25:44', '2023-06-12 03:25:44'),
(38, 'J-20230618-1-1-00029', 11, 40, 1, 1, 2000, 0, 0, 0, 0, 2000, 2000, '', '2023-06-18 15:37:41', '2023-06-18 15:37:41'),
(39, 'J-20230618-1-12-00031', 12, 41, 1, 1, 7000, 0, 0, 10, 700, 7000, 5600, '', '2023-06-18 15:47:43', '2023-06-18 15:47:56'),
(42, 'J-20230619-1-1-00034', 12, 40, 1, 1, 2000, 0, 0, 10, 200, 2000, 1800, '', '2023-06-19 15:13:02', '2023-06-19 15:13:02'),
(45, 'J-20230620-1-1-00037', 31, 40, 1, 1, 2000, 0, 0, 0, 0, 2000, 2000, 'note', '2023-06-20 15:59:14', '2023-06-20 15:59:14'),
(50, '', 20, 40, 1, 1, 2000, 0, 0, 0, 0, 2000, 2000, 'note', '2023-06-21 12:03:08', '2023-06-21 12:03:08'),
(76, 'J-20230629-1-17-00020', 17, 41, 1, 8, 5000, 0, 0, 0, 0, 40000, 40000, '', '2023-06-29 15:01:42', '2023-06-29 15:01:42'),
(78, 'J-20230630-1-17-00022', 35, 46, 17, 1, 3500, 0, 0, 0, 0, 3500, 3500, '', '2023-06-30 07:32:14', '2023-06-30 07:32:14'),
(80, 'J-20230702-1-17-00022', 34, 44, 17, 1, 4000, 0, 0, 0, 0, 4000, 4000, '', '2023-07-03 10:43:45', '2023-07-03 10:43:45'),
(107, 'J-20230728-214-1-00039', 34, 46, 1, 10, 3500, 0, 0, 0, 0, 35000, 35000, '', '2023-07-28 09:06:18', '2023-07-28 09:06:18');

-- --------------------------------------------------------

--
-- Struktur dari tabel `temppembeliandetil`
--

CREATE TABLE `temppembeliandetil` (
  `id` bigint(20) UNSIGNED NOT NULL,
  `id_pembelian` varchar(200) NOT NULL,
  `id_produk` int(11) NOT NULL,
  `jumlah` int(11) NOT NULL,
  `harga` double NOT NULL,
  `diskon` double NOT NULL,
  `pajak` double NOT NULL,
  `jlhdiskon` double NOT NULL,
  `jlhpajak` double NOT NULL,
  `subtotal` double NOT NULL,
  `created_at` timestamp NULL DEFAULT current_timestamp(),
  `updated_at` timestamp NULL DEFAULT current_timestamp() ON UPDATE current_timestamp()
) ENGINE=InnoDB DEFAULT CHARSET=utf8mb4 COLLATE=utf8mb4_unicode_ci;

--
-- Dumping data untuk tabel `temppembeliandetil`
--

INSERT INTO `temppembeliandetil` (`id`, `id_pembelian`, `id_produk`, `jumlah`, `harga`, `diskon`, `pajak`, `jlhdiskon`, `jlhpajak`, `subtotal`, `created_at`, `updated_at`) VALUES
(6, 'B-20230121-2-1-00003', 14, 1, 90000, 0, 0, 0, 0, 90000, '2023-01-21 08:56:47', '2023-01-21 08:56:47'),
(20, 'B-20230405-1-1-00004', 34, 1, 7000, 0, 0, 0, 0, 7000, '2023-06-12 02:45:23', '2023-06-12 02:45:23'),
(33, 'B-20230620-1-1-00011', 40, 1, 500, 0, 0, 0, 0, 500, '2023-06-20 15:59:55', '2023-06-20 15:59:55'),
(58, 'B-20230624-1-1-00002', 39, 20, 1000, 0, 0, 0, 0, 20000, '2023-06-24 04:38:43', '2023-06-24 04:38:43'),
(59, 'B-20230624-1-1-00003', 39, 20, 1000, 0, 0, 0, 0, 20000, '2023-06-24 04:40:36', '2023-06-24 04:40:36'),
(60, 'B-20230624-1-1-00004', 39, 20, 1000, 0, 0, 0, 0, 20000, '2023-06-24 04:40:56', '2023-06-24 04:40:56'),
(65, 'B-20230625-1-1-00007', 46, 1, 1000, 0, 0, 0, 0, 1000, '2023-06-24 17:42:09', '2023-06-24 17:42:09'),
(66, 'B-20230625-1-1-00008', 45, 1, 1500, 0, 0, 0, 0, 1500, '2023-06-24 17:42:20', '2023-06-24 17:42:20'),
(68, 'B-20230625-1-1-00010', 39, 50, 1000, 0, 0, 0, 0, 50000, '2023-06-24 17:42:50', '2023-06-24 17:42:50'),
(72, 'B-20230625-1-1-00014', 47, 50, 1000, 0, 0, 0, 0, 50000, '2023-06-24 17:43:42', '2023-06-24 17:43:42'),
(73, 'B-20230625-1-1-00014', 39, 50, 1000, 0, 0, 0, 0, 50000, '2023-06-24 17:43:48', '2023-06-24 17:43:48'),
(83, 'B-20230625-1-1-00016', 46, 1, 1000, 0, 0, 0, 0, 1000, '2023-06-24 17:46:27', '2023-06-24 17:46:27'),
(89, 'B-20230703-1-17-00017', 44, 100, 500, 0, 0, 0, 0, 50000, '2023-07-03 13:01:06', '2023-07-03 13:01:06'),
(90, 'B-20230703-1-17-00017', 0, 0, 0, 0, 0, 0, 0, 0, '2023-07-03 13:01:10', '2023-07-03 13:01:10');

-- --------------------------------------------------------

--
-- Struktur dari tabel `trashjual`
--

CREATE TABLE `trashjual` (
  `id` varchar(100) NOT NULL,
  `iduser` int(11) NOT NULL,
  `tanggal` date NOT NULL,
  `subtotal` double NOT NULL,
  `diskon` double NOT NULL,
  `pajak` double NOT NULL,
  `grandtotal` double NOT NULL,
  `cash` double NOT NULL,
  `kembalian` double NOT NULL,
  `alasan` text DEFAULT NULL,
  `created_at` timestamp NOT NULL DEFAULT current_timestamp(),
  `updated_at` timestamp NOT NULL DEFAULT current_timestamp() ON UPDATE current_timestamp()
) ENGINE=InnoDB DEFAULT CHARSET=latin1 COLLATE=latin1_swedish_ci;

--
-- Dumping data untuk tabel `trashjual`
--

INSERT INTO `trashjual` (`id`, `iduser`, `tanggal`, `subtotal`, `diskon`, `pajak`, `grandtotal`, `cash`, `kembalian`, `alasan`, `created_at`, `updated_at`) VALUES
('J-20221019-6-1-00001', 1, '2022-10-19', 35000, 0, 0, 35000, 0, 0, 'fiktif', '2022-10-21 06:57:10', '2022-10-21 06:57:10'),
('J-20221021-73-1-00003', 1, '2022-10-21', 80000, 0, 0, 76000, 0, 0, '', '2022-10-27 07:47:38', '2022-10-27 07:47:38');

-- --------------------------------------------------------

--
-- Struktur dari tabel `trashjualdetil`
--

CREATE TABLE `trashjualdetil` (
  `id` int(11) NOT NULL,
  `idjual` varchar(100) NOT NULL,
  `idproduk` int(11) NOT NULL,
  `iduser` int(11) DEFAULT NULL,
  `jumlah` int(11) NOT NULL,
  `harga` double NOT NULL,
  `pajak` int(11) NOT NULL,
  `jlhpajak` double NOT NULL,
  `diskon` int(11) NOT NULL,
  `jlhdiskon` double NOT NULL,
  `subtotal` double NOT NULL,
  `total` double NOT NULL,
  `created_at` timestamp NOT NULL DEFAULT current_timestamp(),
  `updated_at` timestamp NOT NULL DEFAULT current_timestamp() ON UPDATE current_timestamp()
) ENGINE=InnoDB DEFAULT CHARSET=latin1 COLLATE=latin1_swedish_ci;

--
-- Dumping data untuk tabel `trashjualdetil`
--

INSERT INTO `trashjualdetil` (`id`, `idjual`, `idproduk`, `iduser`, `jumlah`, `harga`, `pajak`, `jlhpajak`, `diskon`, `jlhdiskon`, `subtotal`, `total`, `created_at`, `updated_at`) VALUES
(1, 'J-20221019-6-1-00001', 2365, 1, 1, 35000, 0, 0, 0, 0, 35000, 35000, '2022-10-21 06:57:10', '2022-10-21 06:57:10'),
(2, 'J-20221021-73-1-00003', 2106, 1, 1, 60000, 0, 0, 0, 0, 60000, 60000, '2022-10-27 07:47:38', '2022-10-27 07:47:38'),
(3, 'J-20221021-73-1-00003', 990, 1, 1, 20000, 0, 0, 20, 4000, 20000, 16000, '2022-10-27 07:47:38', '2022-10-27 07:47:38');

--
-- Indexes for dumped tables
--

--
-- Indeks untuk tabel `license`
--
ALTER TABLE `license`
  ADD PRIMARY KEY (`id`);

--
-- Indeks untuk tabel `tbjual`
--
ALTER TABLE `tbjual`
  ADD PRIMARY KEY (`id`);

--
-- Indeks untuk tabel `tbjualdetil`
--
ALTER TABLE `tbjualdetil`
  ADD PRIMARY KEY (`id`);

--
-- Indeks untuk tabel `tbkategori`
--
ALTER TABLE `tbkategori`
  ADD PRIMARY KEY (`id_kategori`);

--
-- Indeks untuk tabel `tbkeranjang`
--
ALTER TABLE `tbkeranjang`
  ADD PRIMARY KEY (`id`);

--
-- Indeks untuk tabel `tbkonsumen`
--
ALTER TABLE `tbkonsumen`
  ADD PRIMARY KEY (`id`);

--
-- Indeks untuk tabel `tblogsproduk`
--
ALTER TABLE `tblogsproduk`
  ADD PRIMARY KEY (`id`);

--
-- Indeks untuk tabel `tbpembelian`
--
ALTER TABLE `tbpembelian`
  ADD PRIMARY KEY (`id`),
  ADD UNIQUE KEY `pembelian_inventories_id_pembelian_unique` (`id_pembelian`);

--
-- Indeks untuk tabel `tbpembeliandetil`
--
ALTER TABLE `tbpembeliandetil`
  ADD PRIMARY KEY (`id`);

--
-- Indeks untuk tabel `tbproduk`
--
ALTER TABLE `tbproduk`
  ADD PRIMARY KEY (`id`);

--
-- Indeks untuk tabel `tbsatuan`
--
ALTER TABLE `tbsatuan`
  ADD PRIMARY KEY (`id_satuan`);

--
-- Indeks untuk tabel `tbsupplier`
--
ALTER TABLE `tbsupplier`
  ADD PRIMARY KEY (`id`);

--
-- Indeks untuk tabel `tbuser`
--
ALTER TABLE `tbuser`
  ADD PRIMARY KEY (`iduser`);

--
-- Indeks untuk tabel `tempjualdetil`
--
ALTER TABLE `tempjualdetil`
  ADD PRIMARY KEY (`id`);

--
-- Indeks untuk tabel `temppembeliandetil`
--
ALTER TABLE `temppembeliandetil`
  ADD PRIMARY KEY (`id`);

--
-- Indeks untuk tabel `trashjual`
--
ALTER TABLE `trashjual`
  ADD PRIMARY KEY (`id`);

--
-- Indeks untuk tabel `trashjualdetil`
--
ALTER TABLE `trashjualdetil`
  ADD PRIMARY KEY (`id`);

--
-- AUTO_INCREMENT untuk tabel yang dibuang
--

--
-- AUTO_INCREMENT untuk tabel `tbjualdetil`
--
ALTER TABLE `tbjualdetil`
  MODIFY `id` int(11) NOT NULL AUTO_INCREMENT, AUTO_INCREMENT=84;

--
-- AUTO_INCREMENT untuk tabel `tbkategori`
--
ALTER TABLE `tbkategori`
  MODIFY `id_kategori` int(11) NOT NULL AUTO_INCREMENT, AUTO_INCREMENT=12;

--
-- AUTO_INCREMENT untuk tabel `tbkeranjang`
--
ALTER TABLE `tbkeranjang`
  MODIFY `id` int(11) NOT NULL AUTO_INCREMENT, AUTO_INCREMENT=34;

--
-- AUTO_INCREMENT untuk tabel `tbkonsumen`
--
ALTER TABLE `tbkonsumen`
  MODIFY `id` int(11) NOT NULL AUTO_INCREMENT, AUTO_INCREMENT=54;

--
-- AUTO_INCREMENT untuk tabel `tblogsproduk`
--
ALTER TABLE `tblogsproduk`
  MODIFY `id` int(11) NOT NULL AUTO_INCREMENT, AUTO_INCREMENT=109;

--
-- AUTO_INCREMENT untuk tabel `tbpembelian`
--
ALTER TABLE `tbpembelian`
  MODIFY `id` bigint(20) UNSIGNED NOT NULL AUTO_INCREMENT, AUTO_INCREMENT=21;

--
-- AUTO_INCREMENT untuk tabel `tbpembeliandetil`
--
ALTER TABLE `tbpembeliandetil`
  MODIFY `id` bigint(20) UNSIGNED NOT NULL AUTO_INCREMENT, AUTO_INCREMENT=33;

--
-- AUTO_INCREMENT untuk tabel `tbproduk`
--
ALTER TABLE `tbproduk`
  MODIFY `id` int(11) NOT NULL AUTO_INCREMENT, AUTO_INCREMENT=58;

--
-- AUTO_INCREMENT untuk tabel `tbsatuan`
--
ALTER TABLE `tbsatuan`
  MODIFY `id_satuan` int(11) NOT NULL AUTO_INCREMENT, AUTO_INCREMENT=8;

--
-- AUTO_INCREMENT untuk tabel `tbsupplier`
--
ALTER TABLE `tbsupplier`
  MODIFY `id` bigint(20) UNSIGNED NOT NULL AUTO_INCREMENT, AUTO_INCREMENT=9;

--
-- AUTO_INCREMENT untuk tabel `tbuser`
--
ALTER TABLE `tbuser`
  MODIFY `iduser` int(11) NOT NULL AUTO_INCREMENT, AUTO_INCREMENT=18;

--
-- AUTO_INCREMENT untuk tabel `tempjualdetil`
--
ALTER TABLE `tempjualdetil`
  MODIFY `id` int(11) NOT NULL AUTO_INCREMENT, AUTO_INCREMENT=110;

--
-- AUTO_INCREMENT untuk tabel `temppembeliandetil`
--
ALTER TABLE `temppembeliandetil`
  MODIFY `id` bigint(20) UNSIGNED NOT NULL AUTO_INCREMENT, AUTO_INCREMENT=95;

--
-- AUTO_INCREMENT untuk tabel `trashjualdetil`
--
ALTER TABLE `trashjualdetil`
  MODIFY `id` int(11) NOT NULL AUTO_INCREMENT, AUTO_INCREMENT=4;
COMMIT;

/*!40101 SET CHARACTER_SET_CLIENT=@OLD_CHARACTER_SET_CLIENT */;
/*!40101 SET CHARACTER_SET_RESULTS=@OLD_CHARACTER_SET_RESULTS */;
/*!40101 SET COLLATION_CONNECTION=@OLD_COLLATION_CONNECTION */;
